date,day_ret,equity
2020-01-02,0.007030649051324722,1.0070306490513248
2020-01-03,-0.0073430207417242155,0.9996360021077889
2020-01-06,0.0017734479708158566,1.0014088045472813
2020-01-07,0.0006597651686355663,1.0020694991960866
2020-01-08,-0.002784995455121842,0.9992787401951092
2020-01-09,-0.00035533179486270773,0.9989236646867875
2020-01-10,0.0008710997319837928,0.9997938268233685
2020-01-13,0.01184997428252967,1.0116413579590575
2020-01-14,0.001786200007691197,1.0134483517604247
2020-01-15,0.003097561316998344,1.0165875701716136
2020-01-16,-0.0070187065692565165,1.0094524403146257
2020-01-17,-0.01134985563806571,0.9979953008435616
2020-01-21,-0.015420709382275428,0.9826055053443764
2020-01-22,0.01752388896074201,0.9998245751122451
2020-01-23,0.00037367906856302345,1.0001981886281996
2020-01-24,0.01357241057084807,1.0137732890964801
2020-01-27,0.011372083790161913,1.0253020038843133
2020-01-28,-0.0017605461879119924,1.0234969123499162
2020-01-29,0.0009439331838479642,1.0244630250490492
2020-01-30,-0.01499779180108457,1.009098341891454
2020-01-31,0.016476360982341804,1.0257246104391402
2020-02-03,-0.009712576570844456,1.0157621816196505
2020-02-04,-0.003328733511065161,1.0123809800064205
2020-02-05,0.02366960080894942,1.0363436336697456
2020-02-06,-0.0010374764310466609,1.0352684515753479
2020-02-07,-0.016714217179956914,1.0179647498361597
2020-02-10,-0.004570193175684984,1.0133124542833707
2020-02-11,-0.0036214960411023634,1.0096427472417837
2020-02-12,-0.0009525726948965136,1.008680989129161
2020-02-13,-0.00796678951086401,1.000645040005159
2020-02-14,-0.015656685699410904,0.9849782551171238
2020-02-18,-0.0017553774995714044,0.983249246450524
2020-02-19,0.005953483055860834,0.989103004178955
2020-02-20,0.0006499343569263042,0.9897458562039101
2020-02-21,0.006599070598768819,0.9962772589838386
2020-02-24,-0.022231547089062827,0.9741284741869769
2020-02-25,-0.004248753552892522,0.9699896423713011
2020-02-26,0.01112552462329854,0.9807812860218477
2020-02-27,-0.016929172902536406,0.9641774700512118
2020-02-28,0.002169487277635163,0.9662692408058704
2020-03-02,0.003373623576973832,0.9695290694983577
2020-03-03,-0.003758369729494723,0.9658852207916899
2020-03-04,0.010919783282766828,0.9764324780787625
2020-03-05,-0.009821088420321328,0.9668428483750775
2020-03-06,0.018729899815682398,0.9849517180626517
2020-03-09,0.040333823582610874,1.0246785868963801
2020-03-10,-0.04131843510944546,0.9823404711956638
2020-03-11,-0.05539741869948755,0.9279213448073858
2020-03-12,-0.01531505318144242,0.913710180063465
2020-03-13,0.00413221445611936,0.9174858264782267
2020-03-16,-0.0564531898063753,0.8656908249713924
2020-03-17,-0.10718300767168543,0.7729034786371759
2020-03-18,0.03161643178419171,0.7973399287452726
2020-03-19,-0.02162253900384177,0.7800994150366575
2020-03-20,-0.00874816553666885,0.7732749762188583
2020-03-23,-0.04797506152269245,0.7361770616608
2020-03-24,-0.10056454973197426,0.6621437469318738
2020-03-25,0.003940761571216053,0.664753097564404
2020-03-26,0.01582895969986103,0.6752754475561088
2020-03-27,0.06838154137414383,0.7214518235121103
2020-03-30,-0.00783159721281005,0.7158017034219162
2020-03-31,0.06235170208278187,0.7604331579840273
2020-04-01,-0.008887283065385405,0.7536749732567183
2020-04-02,-0.012331329216146696,0.7443811590395192
2020-04-03,0.030954060492734907,0.7674227784660806
2020-04-06,-0.0040634205775299335,0.7643044169563964
2020-04-07,0.006254649067570546,0.7690848728652527
2020-04-08,-0.023500824228501763,0.7510107444512468
2020-04-09,0.03450126406167479,0.7769215644587143
2020-04-13,-0.03245595840753107,0.7517058304767283
2020-04-14,-0.03734717511742308,0.7236317411891261
2020-04-15,0.014662397514743372,0.7342419174327269
2020-04-16,-0.04812244222356507,0.6989084031829509
2020-04-17,0.027561164338124205,0.7181711325403721
2020-04-20,-0.019557754852734737,0.7041253175878367
2020-04-21,0.02013348378448654,0.7183018132517379
2020-04-22,0.007737103790319241,0.7238593889336412
2020-04-23,0.030595109894865805,0.7460059464864963
2020-04-24,-0.013795743969550484,0.7357142394490064
2020-04-27,-0.006812522146295852,0.7307021698994148
2020-04-28,-0.003043074135513912,0.7284785890254301
2020-04-29,-0.015185619645515347,0.7174161902525882
2020-04-30,-0.012753698244846175,0.7082664806461395
2020-05-01,-0.005559401986563775,0.7043289425666188
2020-05-04,-0.019262749372179734,0.6907616306703857
2020-05-05,-0.016127415260777746,0.6796214310063523
2020-05-06,0.020141332388822507,0.6933099121468184
2020-05-07,-0.01246322552077998,0.6846690343559404
2020-05-08,0.015577840942229214,0.6953346996712069
2020-05-11,-0.012981745362048398,0.6863080416586789
2020-05-12,-0.00874331503141464,0.6803074342418638
2020-05-13,0.017289088310765626,0.6920693295509418
2020-05-14,0.02586980232382602,0.7099730263008074
2020-05-15,0.03233273395356947,0.732928395274402
2020-05-18,0.020000453320637678,0.7475872954314576
2020-05-19,0.0010863661798489557,0.7483994489856992
2020-05-20,-0.0016273333199702065,0.7471815536257175
2020-05-21,0.0029505616272755097,0.7493861588464537
2020-05-22,0.03075590634133154,0.7724342093614255
2020-05-26,-0.03081495876725256,0.7486316810495378
2020-05-27,0.01964883573049525,0.7633414219731246
2020-05-28,-0.013614859602213793,0.7529486356844063
2020-05-29,0.012071787812015716,0.7620380718477352
2020-06-01,-0.0010454708084417863,0.7612413832886972
2020-06-02,-0.023785396698011718,0.7431349550042323
2020-06-03,0.002443946765513591,0.744951137273855
2020-06-04,-0.05403818204727432,0.7046953321015264
2020-06-05,-0.047807958558905926,0.6710052868677621
2020-06-08,0.023835868652886918,0.6869992807509349
2020-06-09,-0.011636956604107166,0.6790046999337834
2020-06-10,-0.06155118513256237,0.6372111559422792
2020-06-11,0.05719602404534687,0.673657100539517
2020-06-12,-0.003836280548163206,0.6710727629085852
2020-06-15,-0.0002710984982463221,0.6708908360903466
2020-06-16,-0.004281598645022219,0.6680183507955844
2020-06-17,0.0011817386935101632,0.6688077739286944
2020-06-18,0.005837816364094622,0.6727121508957691
2020-06-19,-0.006790541826758423,0.6681440708977427
2020-06-22,-0.009711994670820753,0.6616550592418434
2020-06-23,0.006423375859959023,0.6659051183769972
2020-06-24,0.011472019592054405,0.6735443949414673
2020-06-25,0.019775246445612144,0.6868639013434956
2020-06-26,0.039433159380189334,0.7139491150376723
2020-06-29,0.020127639586496347,0.7283192255082487
2020-06-30,0.0018137261856478282,0.7296401971590638
2020-07-01,-0.003105299895271547,0.7273744455312399
2020-07-02,-0.019204927626524093,0.7134052719474293
2020-07-06,0.04052493685210777,0.7423159755430596
2020-07-07,0.0015900831429159958,0.743496319662488
2020-07-08,-0.009510996974931648,0.7364249284153053
2020-07-09,-0.00525851751808104,0.7325524250284818
2020-07-10,-0.007082851763232349,0.7273638647932087
2020-07-13,-0.009834845948647235,0.7202103532343548
2020-07-14,0.00246015466510043,0.7219821820947179
2020-07-15,0.03238929426182854,0.7453666754423807
2020-07-16,-0.0061833518224534605,0.7407578110513879
2020-07-17,-0.020605473080084216,0.7254941459169064
2020-07-20,0.007004083700934695,0.7305755676394465
2020-07-21,0.008224361473863797,0.7365840851916865
2020-07-22,-0.0017902121767459451,0.7352654433931791
2020-07-23,-0.006787849741473265,0.7302745720433285
2020-07-24,-0.007228811980863669,0.7249955544676215
2020-07-27,-0.0014826830197250574,0.7239206158696362
2020-07-28,-0.0026402496105938176,0.7220092847454855
2020-07-29,0.0006621666437762007,0.7224873752103408
2020-07-30,-0.026658123262874384,0.703227217706113
2020-07-31,-0.023530758148283922,0.6866797481229798
2020-08-03,-0.002411676297261522,0.6850236988506222
2020-08-04,0.013570018568359283,0.6943194831637913
2020-08-05,-0.010625002199089148,0.6869423371283057
2020-08-06,0.002291710869616807,0.6885166103491025
2020-08-07,0.020127912120316838,0.7023750121755876
2020-08-10,-0.004872946006427199,0.6989523766649923
2020-08-11,0.03267622138187916,0.7217914992602882
2020-08-12,0.018361136875811906,0.7350444117740038
2020-08-13,0.0036268365765601746,0.7377102977320219
2020-08-14,0.00811116262210478,0.7436939859249277
2020-08-17,-0.015251249950141859,0.7323517230591694
2020-08-18,-0.0018112187167073632,0.7310252739111518
2020-08-19,-0.016301613888574762,0.7191083821530626
2020-08-20,0.006383101162775981,0.7236985237033458
2020-08-21,0.01557657242397483,0.7349712661709347
2020-08-24,0.005009366087240823,0.7386530063067878
2020-08-25,-0.022074301565482957,0.7223477570933211
2020-08-26,0.021134093987702773,0.7376139224835376
2020-08-27,0.013561540511640028,0.7476171035752478
2020-08-28,0.02338484648533895,0.7651000147721687
2020-08-31,-0.011414494439035562,0.7563667849082458
2020-09-01,0.0011424654354847976,0.7572309078165522
2020-09-02,-0.022117624876506425,0.7404827586525693
2020-09-03,-0.007601317099244479,0.7348541143975278
2020-09-04,-0.010057416343282591,0.7274633806174576
2020-09-08,0.0006479071798571709,0.7279347093648428
2020-09-09,0.010151538318413403,0.7353243664602632
2020-09-10,0.0118568026607274,0.7440429623650069
2020-09-11,-0.008064461794725454,0.73804265632138
2020-09-14,-0.013454730263747917,0.7281124914574358
2020-09-15,0.02039600294057394,0.7429630759742702
2020-09-16,-0.00940853943703875,0.7359728785737026
2020-09-17,-0.0005216800903264022,0.7355889361759306
2020-09-18,0.03044834109828678,0.7579863990127412
2020-09-21,-0.021886196052436763,0.7413969600788678
2020-09-22,-0.005063629757209678,0.7376428003699077
2020-09-23,-0.015779473811321037,0.7260031851193612
2020-09-24,-0.018172994388763703,0.7128095333099624
2020-09-25,-0.017484193540154902,0.7003466334723036
2020-09-28,0.004746501573354989,0.7036708298699738
2020-09-29,-0.0051772338331603765,0.7000277614421629
2020-09-30,0.0008487492918913269,0.7006219095089913
2020-10-01,0.01283072260967999,0.7096113948841655
2020-10-02,0.010881215707095642,0.7173328295401131
2020-10-05,-0.020539581271274844,0.7025991135892204
2020-10-06,-0.012622691210516011,0.6937304219336015
2020-10-07,-0.010036836799655797,0.6867675629056975
2020-10-08,0.01821982675088931,0.6992803489199698
2020-10-09,-0.013317264068883672,0.6899678478552215
2020-10-12,-0.007970999633971687,0.6844681143925153
2020-10-13,0.0005554551636382157,0.6848483057410003
2020-10-14,-0.0020797756951703157,0.6834239748798416
2020-10-15,-0.007691682865995715,0.6781672944020476
2020-10-16,-0.00048124543771069976,0.677840929485612
2020-10-19,0.0031579280407286387,0.6799815023639881
2020-10-20,-0.008295494016390773,0.6743407198798713
2020-10-21,-0.029922900764000393,0.6541624894377813
2020-10-22,0.007646509703751284,0.6591645492610974
2020-10-23,-0.019536569605598058,0.6462867351629152
2020-10-26,-0.013142232817254351,0.637793084422701
2020-10-27,0.015636885515475187,0.6477661818663806
2020-10-28,-0.010987245881375654,0.6406490155525747
2020-10-29,0.014916484648722434,0.6502052467582838
2020-10-30,0.010839245233060568,0.6572529808797195
2020-11-02,0.002897698738659935,0.6591575020133952
2020-11-03,-0.003055091282718653,0.6571437156750555
2020-11-04,-0.002550811150673885,0.6554674661575163
2020-11-05,0.004635721006147102,0.6585060304592287
2020-11-06,0.05932491595953111,0.6975718453750669
2020-11-09,-0.03099047746182735,0.6759537608229655
2020-11-10,0.04006216610064118,0.7030339326654084
2020-11-11,-0.008222552023524638,0.697253199579764
2020-11-12,-0.02371622788306591,0.6807169838063334
2020-11-13,0.005007098243714167,0.6841254006204165
2020-11-16,-0.018324079508641344,0.6715894323855669
2020-11-17,0.01622877367050507,0.6824885052832552
2020-11-18,-0.010898530400157572,0.6750503835606676
2020-11-19,-0.0002297430535466513,0.6748952954242505
2020-11-20,0.047253594381931795,0.7067865239645021
2020-11-23,-0.037484530955580776,0.6802929626279675
2020-11-24,0.019446113230083346,0.6935220166088598
2020-11-25,-0.012786398546277665,0.6846543677038808
2020-11-27,-0.019498109357754905,0.671304901970126
2020-11-30,-0.001303662326657443,0.6704297470597271
2020-12-01,-0.007296953284541072,0.6655376525148656
2020-12-02,0.02118962693272051,0.6796401470813342
2020-12-03,-0.02899588665045051,0.6599333784134683
2020-12-04,0.013692977190075154,0.6689698311110531
2020-12-07,-0.00033353209966565224,0.6687467081986697
2020-12-08,-0.01364110515518759,0.6596242640299461
2020-12-09,-0.0005317145257453705,0.6592735322272273
2020-12-10,0.0010218300612673636,0.659947197741055
2020-12-11,-0.012366011046639182,0.6517862834035906
2020-12-14,-0.008053824252768052,0.6465369112266932
2020-12-15,-0.004243019509123794,0.6437936424989897
2020-12-16,0.0010628687238104697,0.64447791062619
2020-12-17,0.005004128250295911,0.6477029607454462
2020-12-18,0.029163257593362968,0.6665920890336495
2020-12-21,-0.008439269649690235,0.6609665386479443
2020-12-22,-0.004142161763766324,0.6582287083244278
2020-12-23,-0.005443579268188448,0.6546455881740665
2020-12-24,-0.011188587809422945,0.6473210285267297
2020-12-28,0.0014533416995705284,0.6482618071704965
2020-12-29,-0.003227850454603164,0.6461693150015194
2020-12-30,-0.001973409296376183,0.6448941584682625
2020-12-31,-0.027088036836921976,0.6274252417477584
2021-01-04,0.008528996977044734,0.6327765497379466
2021-01-05,0.01254196126386605,0.6407128087134427
2021-01-06,0.006817707683070348,0.64508100135205
2021-01-07,-0.002635527304852262,0.6433808727591452
2021-01-08,0.014956370561913864,0.6530035155045785
2021-01-11,-0.009540321532147438,0.6467736520050421
2021-01-12,0.0022700898464417256,0.6482418863054049
2021-01-13,-0.0024632668932962347,0.6466450935280209
2021-01-14,0.013682789465705522,0.6554930022017962
2021-01-15,0.0032264722516803803,0.6576079321845709
2021-01-19,-0.006748720136466544,0.6531699202907367
2021-01-20,-0.021816042054098633,0.6389203378412018
2021-01-21,0.0016769371574935454,0.6399917670964062
2021-01-22,-0.022243975693947444,0.6257558057847872
2021-01-25,-0.013570403587108591,0.6172640469533113
2021-01-26,-0.02280014863076196,0.6031903349383502
2021-01-27,0.012914517116919136,0.6109802468436717
2021-01-28,-0.005885667399117406,0.6073842203233192
2021-01-29,0.0022749928650869964,0.6087660150909211
2021-02-01,-0.0074575716977149185,0.6042260988862483
2021-02-02,-0.020309616346942578,0.5919544986310589
2021-02-03,0.006122300223985503,0.5955786217906169
2021-02-04,0.004459497547856979,0.5982346031940482
2021-02-05,-0.0034632343794763942,0.5961627765492742
2021-02-08,0.001284992447953789,0.5969288412148912
2021-02-09,0.0030424963109303618,0.5987449950121755
2021-02-10,0.013539124623149584,0.6068514781171324
2021-02-11,0.00013518469135977715,0.6069335151469029
2021-02-12,-0.012700236286136458,0.5992253160945618
2021-02-16,0.010748140034516981,0.6056658737041739
2021-02-17,0.0024907081517943452,0.6071744106330725
2021-02-18,-0.024717567006835063,0.592166536453414
2021-02-19,-0.02832370410162534,0.5753941866960232
2021-02-22,-0.008043602713647808,0.5707659444544979
2021-02-23,0.020479572029112658,0.5824549867257183
2021-02-24,-0.026022768809737994,0.5672978952640759
2021-02-25,-0.004340258056540221,0.5648356760036977
2021-02-26,-0.009653660554598927,0.5593829441184306
2021-03-01,0.009725722956484661,0.5648233476595091
2021-03-02,-0.0060189352469697975,0.5614237125039698
2021-03-03,0.02228431614327575,0.5739346560037398
2021-03-04,-0.0065886574287150074,0.5701531971688638
2021-03-05,0.004159190438524308,0.5725245728950226
2021-03-08,0.040916545541161184,0.5959503006553155
2021-03-09,-0.003501328158427036,0.593863683086608
2021-03-10,0.024434278603925587,0.6083743137718995
2021-03-11,-0.008681919486498175,0.6030924569620784
2021-03-12,0.021912472171498353,0.6163077036421004
2021-03-15,-0.013965940981656691,0.6077003866264945
2021-03-16,0.01803551461691098,0.618660575832199
2021-03-17,0.006670881758942854,0.6227875873824952
2021-03-18,0.007303199140077969,0.6273359291551183
2021-03-19,0.013175468303456117,0.6356013738053208
2021-03-22,-0.009573197021845632,0.6295166366265267
2021-03-23,0.014472308157748564,0.6386271953822151
2021-03-24,-0.0005498488552854536,0.63827604694988
2021-03-25,0.00930471565960613,0.6442150240790862
2021-03-26,0.012175664871000691,0.6520587703171368
2021-03-29,0.00045043526052857116,0.6523524805792245
2021-03-30,0.01707553350298826,0.6634917472171125
2021-03-31,0.012901704491436166,0.6720519216722143
2021-04-01,-0.0082058725484803,0.6665371492570108
2021-04-05,-0.00835632161052217,0.6609673504724586
2021-04-06,-0.0024385857659829178,0.6593555248998171
2021-04-07,-0.004465661280012965,0.6564110664625094
2021-04-08,-0.018746975429799733,0.6441053443276881
2021-04-09,0.003689111499478407,0.6464815207603228
2021-04-12,0.020386993600320258,0.6596613353867888
2021-04-13,0.013287880778823239,0.6684268365658078
2021-04-14,0.005203565735458512,0.6719050395492226
2021-04-15,-0.007879937740045806,0.6666104696703518
2021-04-16,-0.008978888319720303,0.6606250487104254
2021-04-19,-0.017684266056402758,0.6489423795855062
2021-04-20,0.0032155148039313777,0.6510290634139618
2021-04-21,-0.004563761704574694,0.648057921905788
2021-04-22,0.005586396354311666,0.6516782303181053
2021-04-23,-0.01813288242523407,0.6398614255886625
2021-04-26,-0.002391939772438437,0.6383309155959479
2021-04-27,-0.0027865840245292106,0.6365521528641851
2021-04-28,-0.00362984025960213,0.6342415702323823
2021-04-29,0.009951374121895212,0.640553145381423
2021-04-30,-0.003313269762171536,0.6384308200137669
2021-05-03,-0.005546777315602307,0.6348895864237333
2021-05-04,-0.01873568370561516,0.6229944959445094
2021-05-05,-0.006142070498510363,0.6191680198302343
2021-05-06,-0.0031583452592000567,0.6172124734501552
2021-05-07,0.003223173426332679,0.6192018562929807
2021-05-10,-0.00225872396518147,0.617803250220887
2021-05-11,0.0037395234823905756,0.6201135399825852
2021-05-12,0.005919106702803267,0.6237840581935952
2021-05-13,0.005791819765193218,0.6273969030310532
2021-05-14,-0.004436258629777423,0.624613608105686
2021-05-17,0.005717119634025712,0.6281845988282667
2021-05-18,-0.0034040568805836485,0.6260462227223487
2021-05-19,0.005068258807699566,0.6292191870046883
2021-05-20,-0.001615547927942791,0.628202653250901
2021-05-21,0.008710580286552583,0.6336746628982682
2021-05-24,-0.009836987984743563,0.6274412128531016
2021-05-25,-0.002356103717322366,0.6259628962790972
2021-05-26,-0.01500600724360986,0.6165696925233021
2021-05-27,0.004146083342357276,0.6191260418548753
2021-05-28,0.027632138279305475,0.6362338182557282
2021-06-01,-0.0011020447948090575,0.635532660088038
2021-06-02,-0.007374707979406462,0.6308457923085133
2021-06-03,-0.0031833215197375098,0.6288376073222217
2021-06-04,0.000274639101890499,0.6290103107179316
2021-06-07,0.0001602469749893428,0.6291111077174611
2021-06-08,0.0054066168985098355,0.6325124704634866
2021-06-09,-0.008889216213037935,0.6268899303560939
2021-06-10,-0.00806702427661778,0.621832794069144
2021-06-11,-0.008124533779510371,0.616780692528522
2021-06-14,0.011097025858119634,0.6236251238222998
2021-06-15,-7.075071675418222e-05,0.6235810018978035
2021-06-16,0.005538618785640474,0.6270347793492832
2021-06-17,-0.008621023177012447,0.6216290979837201
2021-06-18,0.0002799643971289652,0.621803131999375
2021-06-21,-0.007984921651402521,0.6168380827077633
2021-06-22,-0.00023328782123782546,0.6166941818953919
2021-06-23,-0.004941296217415439,0.6136469132670901
2021-06-24,-0.001654691919113104,0.6126315166785183
2021-06-25,-0.01592288306915344,0.6028766566739682
2021-06-28,-0.014860462414881072,0.5939176307766555
2021-06-29,0.0008627747147539892,0.5944300478911362
2021-06-30,-0.006748663534519084,0.5904184395031108
2021-07-01,0.001963855013633831,0.5915779357156709
2021-07-02,-0.015512461768339331,0.5824011056048884
2021-07-06,-0.002917832860118189,0.5807017565211854
2021-07-07,-0.001493713194532508,0.5798343546453815
2021-07-08,-0.0011835275444086277,0.5791481047154643
2021-07-09,-0.004662270330138421,0.5764479596900934
2021-07-12,0.023520241026455505,0.5900061546412129
2021-07-13,-0.006918129561553854,0.5859244156212907
2021-07-14,-0.0076049134151880415,0.5814685111726461
2021-07-15,-0.018748029097806464,0.5705671226057231
2021-07-16,-0.012596164488268152,0.5633801652777835
2021-07-19,0.023168108118771957,0.5764326178589108
2021-07-20,-0.017683156252051503,0.5662394698085326
2021-07-21,0.010979738657304228,0.5724566312044808
2021-07-22,-0.0014809405523126813,0.5716088569648897
2021-07-23,0.004636834352891918,0.5742593125492819
2021-07-26,0.01413427309969436,0.5823760505028961
2021-07-27,-0.018620731088221095,0.5715317826742614
2021-07-28,-0.005795088760085776,0.5682197052644541
2021-07-29,0.01442697682628415,0.5764173977845424
2021-07-30,0.0025110552973610276,0.5778648137447403
2021-08-02,0.0034279509163703072,0.5798457059625548
2021-08-03,0.0031841113444778437,0.581691999252957
2021-08-04,-0.0041680032313298945,0.5792675051204319
2021-08-05,-0.01157668869118772,0.5725615055447317
2021-08-06,0.0037989555980194978,0.5747366412814314
2021-08-09,-0.006736808163708788,0.5708647507844641
2021-08-10,-0.008326763119168116,0.5661112952315989
2021-08-11,-0.004281309892603298,0.5636875973430093
2021-08-12,-0.001187642478458335,0.5630181380078246
2021-08-13,-0.0206359871243272,0.5513997029611325
2021-08-16,-0.018298358000468713,0.5413099937949976
2021-08-17,-0.003701482298025859,0.539306344435221
2021-08-18,-0.017007133522912735,0.5301342894256572
2021-08-19,-0.0011926517029569408,0.5295020238625778
2021-08-20,0.01026316398354819,0.5349363899631001
2021-08-23,-0.002461997264742055,0.5336193780342
2021-08-24,0.0016241261341484554,0.5344860432117534
2021-08-25,0.0013005897504360106,0.5351811902813057
2021-08-26,-0.003478498879160333,0.5333195631107646
2021-08-27,0.014207514829288614,0.5408967087124105
2021-08-30,0.0010598077818103633,0.5414699552534595
2021-08-31,0.005047302394798911,0.544202917855322
2021-09-01,0.003347661449410937,0.5460247249840833
2021-09-02,0.0029686304892132913,0.5476456706305354
2021-09-03,-0.010698009474812697,0.5417869520572898
2021-09-07,0.000884229136157637,0.542266015865889
2021-09-08,0.0007934130359179008,0.5426962567918122
2021-09-09,0.011565393643932149,0.548972752630698
2021-09-10,-0.007166173351551138,0.5450387187200683
2021-09-13,0.003135082149600326,0.5467474598779686
2021-09-14,0.009034533425663833,0.5516870680796329
2021-09-15,-0.0032443089908747074,0.5498972247645129
2021-09-16,0.00530737226782561,0.5528157340453823
2021-09-17,0.004211754341742777,0.5551440581134317
2021-09-20,-0.0033589641066885476,0.5532793491481872
2021-09-21,0.0032971545602854726,0.555103596677343
2021-09-22,-0.013481062633867929,0.5476202103222504
2021-09-23,-0.010043101851727593,0.5421204047739195
2021-09-24,-0.022999511689786957,0.5296519001870498
2021-09-27,-0.008102227169908252,0.5253605401707607
2021-09-28,-0.0033225885793637566,0.523614983239941
2021-09-29,-0.003491996473080572,0.521786521565215
2021-09-30,-0.00577492142648095,0.518773245401779
2021-10-01,-0.018184382734279542,0.5093396741550887
2021-10-04,0.008554756219105213,0.5136969509002041
2021-10-05,0.0033555091086845228,0.5154206656980532
2021-10-06,0.006658617048397912,0.5188526545297669
2021-10-07,-0.011921587359214687,0.5126671072822299
2021-10-08,0.0026590246439094733,0.5140303017546152
2021-10-11,0.006772212808221953,0.5175114243479719
2021-10-12,-0.006026168570913203,0.5143928132674777
2021-10-13,0.016818903701437387,0.5230443364585349
2021-10-14,-0.008438520781280582,0.5186306159557984
2021-10-15,-0.003490468403512802,0.5168203521777104
2021-10-18,-0.007779094309277609,0.5127999579171659
2021-10-19,0.0013121451878376033,0.5134728259142702
2021-10-20,0.0067875200966182984,0.5169580330392307
2021-10-21,0.002042469982132571,0.5180139043037357
2021-10-22,-0.005800240532523148,0.5150092990595826
2021-10-25,0.011800404229073488,0.5210866169702175
2021-10-26,0.006904422341978931,0.524684419050533
2021-10-27,0.01073161842923211,0.5303151320315466
2021-10-28,0.014987835178309246,0.5382634078229988
2021-10-29,0.014576965416202941,0.5461096549036422
2021-11-01,0.007229402481846206,0.5500577013981628
2021-11-02,-0.004796498521005627,0.5474193504469388
2021-11-03,0.0008408967956534497,0.5478796736246083
2021-11-04,-0.018025677871916335,0.5380037711152805
2021-11-05,-0.003509938135077161,0.5361154111622277
2021-11-08,-0.0007981827062702998,0.535687493112473
2021-11-09,-0.0002499865504719253,0.5355535784439388
2021-11-10,-0.0008076784301512442,0.5351210233704393
2021-11-11,-0.0003047831532596014,0.534957927497561
2021-11-12,-0.003689545669103307,0.5329841757930099
2021-11-15,0.01863644134502024,0.5429171041230003
2021-11-16,0.0035020750732987875,0.544818440580217
2021-11-17,0.004443173483476929,0.5472391634287123
2021-11-18,-0.01304217917318697,0.54010197220869
2021-11-19,0.017594707219784865,0.5496049082785304
2021-11-22,-0.013952359164955316,0.541936623199406
2021-11-23,-0.003714067541225922,0.5399238339777795
2021-11-24,-0.005449156664392273,0.5369817044195953
2021-11-26,0.0035024757196978995,0.538862469801247
2021-11-29,-0.02247285832160077,0.5267526898625757
2021-11-30,0.005310607208175075,0.5295500664942855
2021-12-01,0.018877966374582077,0.5395468948432224
2021-12-02,0.022853453560156337,0.5518774047480485
2021-12-03,0.006538597315508968,0.5554859088652241
2021-12-06,-0.023496662541744873,0.5424338439179235
2021-12-07,0.004436293803282236,0.5448402398183871
2021-12-08,0.008804507704680388,0.549637289907688
2021-12-09,0.0011233854952625113,0.5502547444668258
2021-12-10,-0.018750490139711418,0.5399371983063711
2021-12-13,0.019487574362638503,0.5504592646095212
2021-12-14,0.0008278527670241296,0.5509149638348624
2021-12-15,-0.014572270662437915,0.5428868818698735
2021-12-16,0.0242773111945914,0.5560667156444898
2021-12-17,-0.0002786632175826669,0.5559117603043178
2021-12-20,0.010975630579909338,0.562013242420445
2021-12-21,0.004624375000551351,0.5646122024086729
2021-12-22,7.663776304215746e-05,0.5646554730248519
2021-12-23,-0.0001726415343993123,0.5645579900375819
2021-12-27,-0.0067593594450314765,0.5607419396553533
2021-12-28,-0.0013374022951255036,0.5599920020982851
2021-12-29,-0.006994675907354531,0.556075039532897
2021-12-30,-0.004175362223969895,0.5537532248191388
2021-12-31,0.005747699575749294,0.5569360319945016
2022-01-03,-0.042688450929481446,0.5331612955218442
2022-01-04,0.004295033794528022,0.5354512413040449
2022-01-05,-0.0278096575414075,0.5205605256532578
2022-01-06,0.012478177843213685,0.527056172470516
2022-01-07,-0.009812653312512503,0.521884352973843
2022-01-10,-0.01194012499176946,0.5156529885680865
2022-01-11,-0.005789742285155736,0.5126674906557069
2022-01-12,0.0038425919195491294,0.514637462612716
2022-01-13,-0.023731632067254038,0.5024242757019659
2022-01-14,-0.0016451110797536602,0.5015977319592714
2022-01-18,0.008601495143363948,0.5059122224146414
2022-01-19,-0.010293592293914411,0.500704568260597
2022-01-20,-0.012252396898392007,0.4945697371614301
2022-01-21,0.005319648619423764,0.4972006743809297
2022-01-24,0.0010097988417195713,0.4977027470460217
2022-01-25,-0.012190323513897447,0.4916355895457752
2022-01-26,-0.00604545640414759,0.48866342802244883
2022-01-27,0.024226739041226446,0.5005021493721399
2022-01-28,0.02563527108908228,0.5133326576519631
2022-01-31,0.005944319047769911,0.516384070746686
2022-02-01,-0.0021251557761071864,0.515286674156049
2022-02-02,0.0036630355187082797,0.5171741875457997
2022-02-03,0.009655841362728658,0.52216793945764
2022-02-04,0.005907320352494935,0.5252525527538183
2022-02-07,0.00438077478619775,0.5275535658933083
2022-02-08,0.0005811255547583117,0.5278601407519528
2022-02-09,-0.0024591056527876174,0.5265620768959484
2022-02-10,0.009026392531466644,0.5313150328941955
2022-02-11,-0.00113572550647369,0.5307116048593646
2022-02-14,0.01730159452507396,0.5398937618563926
2022-02-15,0.0018705345766938208,0.5409036518056863
2022-02-16,-0.011451229731159104,0.5347096398264365
2022-02-17,-0.000608021141978868,0.5343845250606021
2022-02-18,0.015061956931533504,0.5424334017619429
2022-02-22,-0.00511784503503419,0.5396573116698988
2022-02-23,0.02173117858684021,0.5513847010854914
2022-02-24,-0.011084487478789188,0.5452728842703134
2022-02-25,0.01479480188324561,0.5533400885653985
2022-02-28,0.007883374221333488,0.5577022755552254
2022-03-01,0.0045923513495176125,0.5602634403530006
2022-03-02,0.020440325488210325,0.5717154074329605
2022-03-03,-0.03970345615721362,0.5490163298195424
2022-03-04,-0.012712697526276332,0.5420368512815602
2022-03-07,-3.090863897440481e-05,0.5420200976602131
2022-03-08,0.026678431804150173,0.5564803438721199
2022-03-09,0.023851348565846458,0.5697531505238559
2022-03-10,-0.0013311193868897888,0.568994741059452
2022-03-11,0.012330823524647169,0.5760109147979084
2022-03-14,-0.023000887879639054,0.5627621523291935
2022-03-15,-0.005890533338979227,0.5594471831089827
2022-03-16,0.006366133920585918,0.563008698798149
2022-03-17,0.011119999380007593,0.5692693551797232
2022-03-18,0.019476574004581824,0.5803567719044217
2022-03-21,0.006489257688387041,0.5841228565485099
2022-03-22,0.021212182513343374,0.5965133771918324
2022-03-23,0.005789359310135541,0.5999668074656983
2022-03-24,0.016435661981522742,0.6098276591133378
2022-03-25,0.017217516720691148,0.6203273770308616
2022-03-28,-0.007510115070546405,0.6156686470479495
2022-03-29,0.016571084732525054,0.6258709443653402
2022-03-30,-0.012088026384614238,0.6183053998764885
2022-03-31,0.0011572431468065427,0.619020929563129
2022-04-01,0.006810396575109772,0.6232367075817471
2022-04-04,-0.005413476244571151,0.6198628304705086
2022-04-05,-0.025153293799692573,0.6042712385801748
2022-04-06,-0.008008921380694626,0.5994316777377713
2022-04-07,0.006311364748295671,0.6032149096976572
2022-04-08,-0.0007203779148073532,0.6027803669988285
2022-04-11,-0.00856321581180075,0.5976186286291011
2022-04-12,-0.011905045324369035,0.5905039517685844
2022-04-13,0.011290451629942853,0.5971710080733177
2022-04-14,0.006150518555384751,0.6008439194392104
2022-04-18,0.011368374611615682,0.6076745381985069
2022-04-19,-0.004727706732417217,0.6048016311931473
2022-04-20,-0.011579889429511473,0.5977980951771426
2022-04-21,0.009996549096906707,0.6037740131856182
2022-04-22,-0.002541177513665578,0.6022397162399753
2022-04-25,-0.011978978486752093,0.595025499635269
2022-04-26,0.03330087391436846,0.6148403687744572
2022-04-27,-0.024238593176302746,0.5999375032073653
2022-04-28,0.006128011371862342,0.6036139270494266
2022-04-29,0.015178092861231656,0.6127756352865156
2022-05-02,-0.009303755335743753,0.6070745207001048
2022-05-03,-0.00430034523738724,0.604463890676273
2022-05-04,0.022717954577484246,0.618196073888386
2022-05-05,0.014324289374904431,0.6270512933411931
2022-05-06,0.0027199010288659325,0.6287568107991035
2022-05-09,0.012734468381373544,0.636763694525798
2022-05-10,0.016519216607520426,0.6472825319234746
2022-05-11,-0.016322771073935705,0.6367170873347302
2022-05-12,0.0027707183210199013,0.638481251033915
2022-05-13,0.006737309067089099,0.6427828965556721
2022-05-16,0.029063732409297275,0.6614645666584392
2022-05-17,0.0027900592246757902,0.6633100919744408
2022-05-18,-0.020123703387422143,0.6499618364296634
2022-05-19,-0.003043262916320584,0.6479838316758334
2022-05-20,0.0183725849368217,0.6598889696609849
2022-05-23,0.0003067259179189344,0.6600913747109288
2022-05-24,-0.008259613056910623,0.6546392753736123
2022-05-25,0.00662069544936439,0.6589734426450536
2022-05-26,-0.02042841248926882,0.6455116613392269
2022-05-27,0.006402303929550454,0.6496444231851897
2022-05-31,-0.0030110242392526274,0.6476883280800838
2022-06-01,-0.026079008132873692,0.630797258904516
2022-06-02,-0.0053555565309523386,0.6274189885248831
2022-06-03,-0.009521611217382745,0.6214449488457456
2022-06-06,-0.0014864752390747094,0.6205211863168384
2022-06-07,-0.006853269874484109,0.6162685871641741
2022-06-08,0.006497998557744635,0.6202730995547503
2022-06-09,-0.008108922185326734,0.6152433532568093
2022-06-10,0.009174453116246211,0.6208878745563461
2022-06-13,0.0070654293832403785,0.6252747139889342
2022-06-14,-0.03062266612221133,0.6061271351877899
2022-06-15,-0.0006182111373808657,0.6057524206421481
2022-06-16,-0.007887290057187578,0.6009746755976999
2022-06-17,-0.004841523280502228,0.5980650427148013
2022-06-21,0.007352148600659137,0.6024621057817001
2022-06-22,-0.0071596064730728975,0.5981487141893643
2022-06-23,0.02409977043375681,0.6125639608865748
2022-06-24,0.020642334806238172,0.6252087112574308
2022-06-27,-0.0088489033316691,0.6196762998093964
2022-06-28,0.012695957391649193,0.6275436837083913
2022-06-29,-0.01776917862533846,0.616392747897374
2022-06-30,-0.007361642627238615,0.6118550847693319
2022-07-01,-0.006427555028226229,0.607922352542677
2022-07-05,-0.015722640725686538,0.5983642078045344
2022-07-06,0.008816667108096423,0.6036397858341468
2022-07-07,-0.0024911817690264435,0.6021360094046178
2022-07-08,0.0005215168070081644,0.602450033453627
2022-07-11,0.03400361191829195,0.6229355105913462
2022-07-12,0.0006096381971103518,0.6233152758729391
2022-07-13,0.01960935080924409,0.6355380837822924
2022-07-14,0.008884871253557637,0.6411847578334308
2022-07-15,0.008021120989541554,0.6463277783526626
2022-07-18,0.003211924098309007,0.6484037341193601
2022-07-19,-0.010516824458433122,0.6415845858694342
2022-07-20,-0.03556663660322316,0.6187655800535866
2022-07-21,0.003194041198282131,0.6207419428083567
2022-07-22,-0.008674461755511897,0.6153573405654235
2022-07-25,-0.023498581615065534,0.6008973158757172
2022-07-26,0.021942436861837666,0.6140824672897678
2022-07-27,0.006344185742136317,0.6179783205232434
2022-07-28,0.030688136511153964,0.6369429235843944
2022-07-29,0.018200173852866024,0.6485353955279832
2022-08-01,0.008871776139109538,0.6542890563753964
2022-08-02,0.014240966804518527,0.6636067651077981
2022-08-03,0.007663750975506274,0.6686924821012455
2022-08-04,0.009081879954302746,0.6747654669500337
2022-08-05,0.0019799423412722086,0.6761014636684765
2022-08-08,-0.00632837513560817,0.6718228399766486
2022-08-09,0.0069251618752523844,0.6764753218949787
2022-08-10,-0.0022950075966994454,0.6749228058922501
2022-08-11,-4.989956247158803e-05,0.6748891275395339
2022-08-12,-0.009030703689250297,0.6687944038056277
2022-08-15,-0.019983744729765513,0.6554293871632804
2022-08-16,0.016773650631171477,0.6664233307169601
2022-08-17,0.006743460307011674,0.6709173299953165
2022-08-18,0.0090639612623931,0.6769984986846622
2022-08-19,-0.016844825235086274,0.6655945772899033
2022-08-22,-0.01134401821132802,0.6580440602837655
2022-08-23,-0.011710873519982623,0.6503377895232064
2022-08-24,0.008818015904809462,0.6560724784947207
2022-08-25,0.007280963844859582,0.6608493184902482
2022-08-26,0.01015437977253438,0.6675598334426186
2022-08-29,0.010307971423158018,0.6744410211289932
2022-08-30,0.0032142247973664024,0.6766088261834671
2022-08-31,-0.031091483869597276,0.6555720537781566
2022-09-01,-0.0013497312079002188,0.654687207718145
2022-09-02,0.00695500484687848,0.6592405604210141
2022-09-06,-0.004766913932949682,0.6560980174083776
2022-09-07,-0.0003284968069796417,0.6558824913045932
2022-09-08,-0.0005593769923598421,0.6555156057292657
2022-09-09,-0.003435431874351837,0.6532636265232084
2022-09-12,-0.011695915912592019,0.645623110078638
2022-09-13,-0.00013494563364713132,0.6455359860589512
2022-09-14,0.01573284555931163,0.6556921040305946
2022-09-15,-0.013360889202250406,0.6469314744778514
2022-09-16,0.011939160659430884,0.6546552932872849
2022-09-19,-0.011991404056038008,0.6468050571480529
2022-09-20,-0.012123227448410582,0.6389636923254649
2022-09-21,0.014121571312939118,0.6479868636730177
2022-09-22,-0.019658060108378464,0.6352486989574939
2022-09-23,0.010609662014002857,0.641988472948268
2022-09-26,0.0008400866327082191,0.6425277988827447
2022-09-27,0.0007510809424419928,0.6430103892674748
2022-09-28,-0.009897620172501712,0.6366461166675328
2022-09-29,-0.00463887803869937,0.6336927929785006
2022-09-30,0.022450720992589192,0.6479196530686755
2022-10-03,-0.0249001319016842,0.631786368245572
2022-10-04,0.01209242447325463,0.6394261971868134
2022-10-05,-0.018470038910736487,0.6276159704442287
2022-10-06,-0.011000848994679641,0.6207116619267223
2022-10-07,0.005952868728068162,0.6244066769681531
2022-10-10,0.016146138110382548,0.6344884334115258
2022-10-11,-0.013463681687428878,0.6259458831097177
2022-10-12,0.015402951519205194,0.6355872972009027
2022-10-13,-0.0005558223971301265,0.635234023545787
2022-10-14,-0.011247123572831103,0.6280894679853007
2022-10-17,-0.005133866583831858,0.6248649404539542
2022-10-18,-0.003521236152588683,0.6226646434351426
2022-10-19,0.029446526248673832,0.6409999542021767
2022-10-20,0.01642273003536926,0.6515269234027231
2022-10-21,0.0032471115195368463,0.6536425039809926
2022-10-24,-0.001957903481820232,0.6523627350465825
2022-10-25,0.0566809318270444,0.6893392627582621
2022-10-26,0.0057677130731573776,0.6933151738359137
2022-10-27,-0.01995670195829248,0.6794788895485087
2022-10-28,0.004771756759558451,0.682721197532689
2022-10-31,0.0033421394232568224,0.6850029469620562
2022-11-01,0.01501024170646457,0.6952850067655972
2022-11-02,-0.02394716192594172,0.678634904123902
2022-11-03,-0.00023831003173602086,0.6784731786183631
2022-11-04,-0.029373505095792913,0.6585440432488577
2022-11-07,-0.010591259252498115,0.6515692325576208
2022-11-08,0.00894245091522274,0.6573958584376366
2022-11-09,-4.200279865190738e-05,0.65736824597176
2022-11-10,-0.012551481265213438,0.6491173007480993
2022-11-11,-0.007692091657760302,0.6441242309741069
2022-11-14,0.01437492453979972,0.6533834681886161
2022-11-15,-0.008101838812475707,0.6480898606466157
2022-11-16,-0.006516394594816769,0.6438666513817425
2022-11-17,-0.0015369835944984236,0.6428770389015241
2022-11-18,0.002677089723230368,0.6445980784156682
2022-11-21,-0.009486176017986514,0.6384833075829612
2022-11-22,-0.0008640702361877303,0.6379316131605761
2022-11-23,0.003749029501926257,0.6403232375985265
2022-11-25,-0.02710862267361593,0.6229649565613199
2022-11-28,-0.0003054483658583108,0.6227746729333512
2022-11-29,-0.007179549928182886,0.6183034310750184
2022-11-30,-0.0031242523483013627,0.6163716951285194
2022-12-01,-0.009545033164929736,0.6104884068565938
2022-12-02,-0.015110556204714463,0.6012635874724607
2022-12-05,0.015195966858417342,0.6104003690208654
2022-12-06,-0.011996420223150468,0.6030777496897249
2022-12-07,0.006352823315005753,0.6069089960787151
2022-12-08,-0.002727159260162611,0.6052538585899829
2022-12-09,-0.004019864186894354,0.6028208202798574
2022-12-12,0.0012769415905206829,0.6035905872569045
2022-12-13,0.0005452212605261604,0.6039196776777305
2022-12-14,-0.0010781274298073584,0.6032685753078256
2022-12-15,0.0012555058401530683,0.6040259825273054
2022-12-16,-0.0003166811034061574,0.6038346989126727
2022-12-19,0.0017609106387091455,0.6048979978580098
2022-12-20,0.0036771036113678597,0.6071222704704426
2022-12-21,-0.018744735188523872,0.5957419242834189
2022-12-22,-0.0023391012733232812,0.5943484235897555
2022-12-23,-0.0023768647107436087,0.5929357377958389
2022-12-27,-0.016254476636101522,0.5832978776991268
2022-12-28,0.012980049218449457,0.5908691128606786
2022-12-29,-0.0031851572754275446,0.588987101807025
2022-12-30,0.033323585072683536,0.6086142636008047
2023-01-03,0.002764336802901188,0.610296678408447
2023-01-04,0.00966472992904956,0.6161950309818607
2023-01-05,0.006603110295709663,0.620263834735102
2023-01-06,0.005239769536690938,0.6235138742810582
2023-01-09,-0.008037804680822583,0.618502191543804
2023-01-10,0.007122626850506982,0.6229075518603913
2023-01-11,-0.0019333230013258897,0.62170327036268
2023-01-12,-0.002183438724776535,0.62034581936685
2023-01-13,-0.0019491801472917842,0.6191366536112847
2023-01-17,-0.0029000719330483826,0.617341112779425
2023-01-18,-0.014069366182879755,0.6086555146039848
2023-01-19,-0.018230577427936323,0.5975593731180564
2023-01-20,0.0011215161379677751,0.5982295455984022
2023-01-23,0.0014071971361905855,0.5990713725017529
2023-01-24,0.0072553606036730636,0.6034178513365905
2023-01-25,-0.015325466383555253,0.5941701913406945
2023-01-26,-0.005711367916908461,0.5907766667726878
2023-01-27,0.0029525968312799277,0.592520992086995
2023-01-30,-0.001375570377362743,0.5917059377623146
2023-01-31,0.004605252164244271,0.5944308928127907
2023-02-01,-0.01877195178836873,0.583272264751392
2023-02-02,0.016376860798554698,0.5928244334388832
2023-02-03,-0.004975756269371985,0.5898746835475629
2023-02-06,-0.0025996810936993633,0.5883411974850924
2023-02-07,-0.005288567807226139,0.5852297151684079
2023-02-08,0.014643315066191043,0.5937994182737162
2023-02-09,-0.0027947679486935804,0.5921398866915719
2023-02-10,0.006785830764144926,0.5961580477513608
2023-02-13,0.0031687721158668407,0.598047136749725
2023-02-14,0.0025111214637995416,0.5995489057511811
2023-02-15,-0.002010304377882113,0.5983436299611952
2023-02-16,-0.023090778331981678,0.584527409835408
2023-02-17,-0.025741598458262887,0.5694807399635764
2023-02-21,0.0012018599773882352,0.570165176072832
2023-02-22,0.00848177827738463,0.5750011906777678
2023-02-23,0.017831630746414733,0.5852543995886826
2023-02-24,-0.0055650967143248496,0.5819974022524875
2023-02-27,-0.001961548852037808,0.5808557859162101
2023-02-28,0.001549727488496726,0.5817559540944969
2023-03-01,-0.013178186187085791,0.5740894658159938
2023-03-02,-0.0024808296143628197,0.5726652476679038
2023-03-03,-0.0067189687561561295,0.5688175277610867
2023-03-06,-7.305722619249623e-05,0.5687759715302989
2023-03-07,0.0033155271905608488,0.5706617637292454
2023-03-08,-0.0027827956488363594,0.5690737286561823
2023-03-09,0.0057383381838632865,0.5723392661627636
2023-03-10,0.014848314198355899,0.5808375394148049
2023-03-13,-0.013612891640698956,0.5729306609299009
2023-03-14,-0.006636111571244142,0.5691286291413834
2023-03-15,-0.0007591577179184007,0.5686965707500824
2023-03-16,-0.011475675561706698,0.5621703934110993
2023-03-17,0.01708076341004496,0.5717726928970862
2023-03-20,-0.017023504978014393,0.56203911761326
2023-03-21,0.013591499626176768,0.5696780720701974
2023-03-22,0.01721848375306364,0.5794870646986147
2023-03-23,-0.002949083896433557,0.5777781087279205
2023-03-24,0.02594189562688215,0.5927667681200376
2023-03-27,-0.01017121315162876,0.5867376109722866
2023-03-28,-0.0015163866630695246,0.5858478898842869
2023-03-29,-0.011119598627639355,0.5793334964919242
2023-03-30,-0.0040319923228578905,0.5769976282816943
2023-03-31,0.017333752026468197,0.5869991620901895
2023-04-03,0.0006599920485214264,0.5873865768696579
2023-04-04,-0.019576576566154802,0.5758875585736374
2023-04-05,-0.00653844232692872,0.5721221509851079
2023-04-06,0.0021125535683793055,0.5733307896767202
2023-04-10,0.005381864983411588,0.5764163785775931
2023-04-11,-0.0029860383004883056,0.5746951771941317
2023-04-12,0.006741206570180571,0.5785693160984838
2023-04-13,0.0033053611282654613,0.5804816966259229
2023-04-14,0.0004017831252223779,0.5807149243761276
2023-04-17,-0.00849290765846435,0.575782966147509
2023-04-18,0.006472102754439583,0.5795094926686717
2023-04-19,-0.03598418357779948,0.5586563166994049
2023-04-20,-0.0022128211429108817,0.5574201101901917
2023-04-21,0.015047236815861547,0.5658077425941471
2023-04-24,-0.004003939189742954,0.5635422827997144
2023-04-25,0.028649153394713595,0.5796872921040505
2023-04-26,-0.015114897393717058,0.570925378163456
2023-04-27,-0.002719335071038127,0.5693728407596704
2023-04-28,-0.001958739730239929,0.5682575875551549
2023-05-01,-0.007002682790395213,0.5642782599262709
2023-05-02,0.006624524934726595,0.5680163353292765
2023-05-03,0.008074854782006926,0.5726029847508681
2023-05-04,-0.0006808430186161315,0.5722131320062618
2023-05-05,-0.0006879195118029695,0.5718194954278448
2023-05-08,0.0024739461111191745,0.5732341460448207
2023-05-09,0.01078330809628301,0.5794155064529316
2023-05-10,-0.0021386392536116103,0.5781763457066801
2023-05-11,0.0017881028749929446,0.579210184492691
2023-05-12,0.003362239046371896,0.5811576275910486
2023-05-15,-0.00042631806992506505,0.5809098695929318
2023-05-16,0.012897327907958854,0.5884020546660415
2023-05-17,-0.01637262893309027,0.5787683661615265
2023-05-18,-0.006107017645510637,0.5752338175367147
2023-05-19,0.002897344230045155,0.5769004679188815
2023-05-22,0.01694799628980929,0.5866777749087599
2023-05-23,-0.0053008335664276865,0.5835678936668465
2023-05-24,0.030684895191797176,0.6014746133213115
2023-05-25,-0.01721576868762109,0.5911197655068954
2023-05-26,-0.0030028544378926654,0.5893447188957169
2023-05-30,-0.0009100892336132976,0.5888083626121631
2023-05-31,0.010146955430700766,0.5947829748248126
2023-06-01,-0.004945518488450467,0.5918414646262009
2023-06-02,0.004184777458886532,0.5943181894466031
2023-06-05,-0.01219601155646364,0.5870698779398957
2023-06-06,0.009388592360217884,0.5925816377108363
2023-06-07,-0.00921862501364127,0.5871188498028107
2023-06-08,0.0045570855960147365,0.5897944006563958
2023-06-09,0.0005062037230435715,0.5900929567778384
2023-06-12,0.0012213517187545384,0.5908136678248239
2023-06-13,0.007066630083889599,0.594988729463848
2023-06-14,-0.004263440746997099,0.5924520302706477
2023-06-15,0.00032070106285669907,0.5926420302664471
2023-06-16,0.0027517608927397443,0.5942728394287282
2023-06-20,0.001028552504065047,0.5948840802458204
2023-06-21,0.010957915955073136,0.6014027700001652
2023-06-22,-0.0018721757588071215,0.6002768383128914
2023-06-23,0.005145150572015053,0.6033653530309043
2023-06-26,-0.00819475533963415,0.5984209215824041
2023-06-27,-0.0021511402503305113,0.5971336342513484
2023-06-28,0.024654636445458844,0.611855746913171
2023-06-29,0.002860538208066237,0.613605983655041
2023-06-30,-0.0003851028510349899,0.6133696822413234
2023-07-03,0.002598252635228838,0.6149633716345764
2023-07-05,-0.00022129306964724252,0.6148272845023467
2023-07-06,0.0097524235088996,0.6208233405656404
2023-07-07,-0.0012069794401167542,0.6200740195576331
2023-07-10,-0.018691175771656333,0.6084841070666439
2023-07-11,0.0037063666814741536,0.6107393722872823
2023-07-12,-0.010355465407508608,0.6044148818445577
2023-07-13,-0.003553863009516951,0.6022668741535687
2023-07-14,0.03176148452766925,0.621395764158525
2023-07-17,0.012575540214265992,0.6292101515796751
2023-07-18,-0.021202251996038535,0.6158694793874172
2023-07-19,-0.018434964872447498,0.6045159471688977
2023-07-20,0.0020409893891796824,0.6057497578026594
2023-07-21,0.003578433570110692,0.6079173930710668
2023-07-24,-0.002778728112202773,0.6062281559210432
2023-07-25,-0.04281225211353991,0.5802741632714251
2023-07-26,-0.005569415093190588,0.5770423755883126
2023-07-27,0.0017970349848293048,0.5780793409249738
2023-07-28,-0.013751809048940872,0.570129704213436
2023-07-31,-0.00512810421862514,0.5672060196720956
2023-08-01,-0.0013120784927308855,0.5664618008527363
2023-08-02,-0.012433601269335865,0.5594186406866235
2023-08-03,-0.008571269408053066,0.5546237128054116
2023-08-04,0.007928922360742588,0.5590212811636724
2023-08-07,-0.0001470414412754373,0.5589390818687865
2023-08-08,-0.013232175882502138,0.5515431016298944
2023-08-09,0.0066346297588596274,0.5552023859052618
2023-08-10,0.01564678402430455,0.5638895177273001
2023-08-11,0.009725431175618936,0.5693735864226099
2023-08-14,-0.00037364309309402977,0.5691608439146529
2023-08-15,-0.00902458739094375,0.5640244021392419
2023-08-16,-0.01831875282064508,0.553692178531641
2023-08-17,-0.006064334284839785,0.5503344040701239
2023-08-18,-0.004546808537734018,0.5478321389030891
2023-08-21,-0.014976086031687708,0.539627757659953
2023-08-22,0.002831651790685619,0.5411557955662345
2023-08-23,-0.004746843534664276,0.5385870136768048
2023-08-24,0.0023345596163173456,0.5398443771688076
2023-08-25,0.008851790801226483,0.5446229666607243
2023-08-28,-0.0025608174364097898,0.5432282866714303
2023-08-29,0.005514129717070938,0.5462237179101187
2023-08-30,-0.004392272060558773,0.5438245547351275
2023-08-31,-0.007041304459036316,0.5399953204729376
2023-09-01,-0.008420714855482828,0.53544817385594
2023-09-05,-0.015407894639098807,0.5271980448084699
2023-09-06,-0.02155461092832171,0.5158344960704514
2023-09-07,-0.005129563773150177,0.5131884901264672
2023-09-08,0.0017019263863427563,0.5140618991589808
2023-09-11,0.011758320330111928,0.5201064036387978
2023-09-12,0.008839109729053718,0.5247036812113446
2023-09-13,-0.012038916113852343,0.5183868176086117
2023-09-14,-0.003615503973377954,0.516512588009801
2023-09-15,-0.0009478238810095572,0.5160230250440433
2023-09-18,0.007232890001720524,0.5197553628225419
2023-09-19,-0.010488195949287921,0.5143040667315658
2023-09-20,0.0013878893339320073,0.5150178638601804
2023-09-21,-0.0040051526600294865,0.5129551386927782
2023-09-22,-0.0017307687465166382,0.5120673319703636
2023-09-25,-0.005536147110205872,0.509232451890245
2023-09-26,-0.02669740281721237,0.49563726799453445
2023-09-27,0.005865100027939644,0.49854423014889715
2023-09-28,0.005665390061628565,0.501368677675665
2023-09-29,-0.009204815618025773,0.49675367144100707
2023-10-02,0.0031813380385537124,0.49833401279175354
2023-10-03,0.0342069190023745,0.5153804840034494
2023-10-04,0.0028330277145896723,0.5168405711981897
2023-10-05,0.00593079508661526,0.5199058467184153
2023-10-06,-0.006933424857433035,0.516301118597253
2023-10-09,0.018400635957138627,0.5258013875248245
2023-10-10,-0.019135047795133937,0.5157401528437893
2023-10-11,0.005310702991765412,0.5184790956164703
2023-10-12,-0.0028623376920629356,0.5169950333585406
2023-10-13,0.0014803644988341715,0.5177603744519982
2023-10-16,0.007232598780072393,0.5215051275046295
2023-10-17,-0.01112440497775376,0.5157036932682929
2023-10-18,-0.006521896045140547,0.512340327390702
2023-10-19,-0.009910072295211458,0.5072629977065078
2023-10-20,0.019456036501875235,0.5171323251059363
2023-10-23,0.000952951164918856,0.5176251269575632
2023-10-24,0.005833917991067861,0.5206449094983497
2023-10-25,-0.0002436483516753585,0.5205180552243424
2023-10-26,-0.012447424046655218,0.5140389462670246
2023-10-27,-0.007047997575874062,0.5104160010198298
2023-10-30,-0.005670122058766269,0.5075218799933
2023-10-31,-0.007379299007674793,0.5037767242878922
2023-11-01,-0.010587900090200109,0.4984427866633638
2023-11-02,0.02164797989470657,0.5092330660877138
2023-11-03,0.006070541434864815,0.5123243865154025
2023-11-06,0.014498905605479636,0.5197525294348745
2023-11-07,-0.010189352604250506,0.5144565876455115
2023-11-08,0.008870490266485696,0.5190200697987505
2023-11-09,0.00661785884094616,0.5224548713562966
2023-11-10,-0.015661898624686085,0.514272236125141
2023-11-13,-0.0014792229213334558,0.5135115128456592
2023-11-14,0.005542931430174851,0.5163578719499681
2023-11-15,-0.019746327776169227,0.5061617001606388
2023-11-16,0.0028676181107219305,0.5076131786189731
2023-11-17,-0.0038433776488558196,0.5056622294740043
2023-11-20,0.004027509544815734,0.5076987889296636
2023-11-21,-0.010918674231285156,0.5021553912457226
2023-11-22,-0.001254460656926026,0.5015254570637415
2023-11-24,0.0013980908115923123,0.5022266351970419
2023-11-27,-0.002324254050387237,0.5010593329059728
2023-11-28,0.0031963380640882373,0.5026608879241069
2023-11-29,0.003920682272465578,0.5046316615564528
2023-11-30,-0.005981273011994303,0.5016133218181874
2023-12-01,-0.006357530813507151,0.4984242996682626
2023-12-04,-0.013002631426022352,0.4919434722059029
2023-12-05,-0.014756712222880365,0.48468400395663586
2023-12-06,-0.009835790342310838,0.4799167537114466
2023-12-07,-0.002593712369235889,0.47867198769114166
2023-12-08,-0.00425134327796663,0.47663698875392
2023-12-11,0.0009211718934724806,0.4770760533513495
2023-12-12,-0.023565869170393827,0.4658333414937438
2023-12-13,-0.03246904506132551,0.45070817773771554
2023-12-14,4.540932355208936e-05,0.45072864409118596
2023-12-15,-0.0002704593087473425,0.45060674033367243
2023-12-18,-0.0017286875748775948,0.44982778206050156
2023-12-19,-0.006110922707185198,0.4470789192527853
2023-12-20,-0.0056130053844998425,0.44456946287172305
2023-12-21,-0.0030321566911759574,0.4432214586001841
2023-12-22,0.0014703623104430638,0.4438731547280894
2023-12-26,-0.004664606867745225,0.44180266096213705
2023-12-27,-0.006338538630804783,0.4390022777284362
2023-12-28,-0.0017767194224850655,0.43822229385508094
2023-12-29,0.0063296376320024494,0.44099608217744846
2024-01-02,-0.017172112596060458,0.4334232477998758
2024-01-03,0.008055374493459168,0.43691463437507516
2024-01-04,-0.0027825012121962893,0.4356989188753002
2024-01-05,0.05102054785134406,0.4579285164145564
2024-01-08,0.002584722128147033,0.45911213438404264
2024-01-09,-0.007884478407163015,0.45549227467402514
2024-01-10,-0.00746919114331231,0.4520901158101827
2024-01-11,-0.001254663670047155,0.45152289476628826
2024-01-12,-0.027228179635541746,0.439228748278032
2024-01-16,-0.006982112527689321,0.43616200373215863
2024-01-17,-0.004605340858038245,0.43415332903564713
2024-01-18,-0.012116363173791148,0.42889296962794077
2024-01-19,-0.00894571664064736,0.42505621465248344
2024-01-22,-0.004765371482954212,0.42303066388852606
2024-01-23,0.000767421211006925,0.42335530659290044
2024-01-24,0.029079376227953313,0.43566621483141593
2024-01-25,-0.0029828253702053513,0.43436669859287547
2024-01-26,-0.004218790423766697,0.4325341965244487
2024-01-29,-0.004883395320192774,0.43042196105331787
2024-01-30,0.004351272112556001,0.43229484412908087
2024-01-31,-0.008192518642704075,0.4287532605594085
2024-02-01,-0.0058168383388514195,0.426259272155479
2024-02-02,0.0019525410527900804,0.427091560883495
2024-02-05,0.0028244640953227766,0.4282978656626258
2024-02-06,-0.01687609287680088,0.4210698711027677
2024-02-07,0.01037334912644572,0.4254377758823442
2024-02-08,-0.011803875011976106,0.4204159615504559
2024-02-09,0.001738409451879808,0.4211468166317363
2024-02-12,-0.00829338688925139,0.4176540831442327
2024-02-13,-0.011185800523360582,0.41298228788241426
2024-02-14,-0.0008791471479313025,0.4126192156818763
2024-02-15,0.0028873651613488915,0.41381059803013925
2024-02-16,-0.011267952929175522,0.4091477996899417
2024-02-20,0.008908042993373002,0.41279250588022365
2024-02-21,-0.00893612945577978,0.4091037386093022
2024-02-22,-0.004821761496510145,0.40713113795439754
2024-02-23,0.006968496581671702,0.40996822989752485
2024-02-26,-0.002438636523989937,0.40896846639842127
2024-02-27,0.0040918717007928564,0.41064191289259366
2024-02-28,-0.0009550151926139084,0.41024974362705724
2024-02-29,0.0019067029275280744,0.4110319680142486
2024-03-01,0.009385185418064953,0.41488957924681447
2024-03-04,0.015584252298969481,0.42135532312601015
2024-03-05,-0.010493309823967843,0.4169339111744709
2024-03-06,0.0031984279247902485,0.41826744423876333
2024-03-07,0.0007940986523161298,0.41859958985254103
2024-03-08,-0.005022417144039892,0.41649720809597757
2024-03-11,-0.015506284615225924,0.41003888384579434
2024-03-12,0.014688511333785403,0.41606174463845597
2024-03-13,-0.007550482066141413,0.4129202778971558
2024-03-14,0.004392582058103296,0.41473406410127384
2024-03-15,-0.004170665853639788,0.4130043469017854
2024-03-18,0.00482960708893132,0.4149989956233417
2024-03-19,0.0013073012951048128,0.4155415243477873
2024-03-20,0.017841575564149434,0.4229554398544802
2024-03-21,0.003598968223484342,0.42447764304246627
2024-03-22,-0.011063352232170956,0.41978149736280573
2024-03-25,0.013377669691176302,0.42539719557699274
2024-03-26,-0.0015827547493966585,0.42472389614531325
2024-03-27,-0.0038897460534227,0.4230718280464877
2024-03-28,-0.005436781012470914,0.4207716791648532
2024-04-01,-0.010281619803010454,0.4164454647358059
2024-04-02,0.0019859062278025003,0.4172724863777648
2024-04-03,0.008310826470289079,0.42074036560287653
2024-04-04,-0.005964090096542585,0.4182310321551687
2024-04-05,-0.00893593943067352,0.4144937449838021
2024-04-08,-0.00925765914223825,0.41065650317615227
2024-04-09,-0.0038696019569723536,0.40906742596781837
2024-04-10,-0.0030847700852375897,0.40780554700934774
2024-04-11,-0.0054525398344039315,0.40558197101958837
2024-04-12,-0.002569686261511365,0.40453975260074265
2024-04-15,0.014896809003693539,0.4105661040296374
2024-04-16,-0.01569872686494439,0.40412073890247174
2024-04-17,-0.001467599990887154,0.40352765130974116
2024-04-18,-0.016783297696061423,0.3967551266092173
2024-04-19,-0.0010488324934520188,0.3963389969404859
2024-04-22,-0.00033446458005742486,0.39620643558431384
2024-04-23,-0.000506961185354759,0.3960055743000848
2024-04-24,0.0036071369537717026,0.3974340206410423
2024-04-25,-0.0015891086285264025,0.39680245480957166
2024-04-26,0.013777908222399882,0.4022695626143609
2024-04-29,0.006248476521934536,0.40478313453184567
2024-04-30,-0.00295892987854098,0.4035854096207499
2024-05-01,0.011390058120315849,0.40818227089284176
2024-05-02,-0.005532469724099672,0.40592401483721285
2024-05-03,-0.005053687327813102,0.403872601787375
2024-05-06,-0.0036565670595523066,0.4023958145354236
2024-05-07,-0.0021635003203282666,0.40152523106177745
2024-05-08,-0.0012056776620749479,0.4010411210599268
2024-05-09,-0.011581104026550621,0.3963966221180073
2024-05-10,0.0019229003492930445,0.39715885332113665
2024-05-13,-0.007100049774753795,0.39433900569407243
2024-05-14,-0.00824439541458551,0.391087919003736
2024-05-15,0.012630295452862688,0.3960274749687985
2024-05-16,-0.013674282762323426,0.39061208329442615
2024-05-17,0.004944251163103671,0.392543367541577
2024-05-20,-0.0030011945478212367,0.39136526852712783
2024-05-21,-0.002140709296900152,0.390527469258308
2024-05-22,0.019500728474562433,0.3981430393981723
2024-05-23,-0.0015932891669752079,0.3975086824065926
2024-05-24,-0.006023564133322149,0.39511426336456407
2024-05-28,0.0010013657054325597,0.39550991723762463
2024-05-29,0.012957849504336687,0.40063487522266245
2024-05-30,-0.02408871028470083,0.3909840977834765
2024-05-31,0.027541020179628558,0.40175219871044504
2024-06-03,-0.012333270542852603,0.39679728015256327
2024-06-04,-0.0033185188366656178,0.3954805009040393
2024-06-05,0.004398392922298896,0.39721997954012284
2024-06-06,-0.0014962395907910184,0.3966256432804817
2024-06-07,0.013037629225969868,0.40179670135908446
2024-06-10,0.049726328652803395,0.4217765761824786
2024-06-11,-0.017241151873765775,0.4145046621757196
2024-06-12,0.0003580442748118422,0.41465307319689443
2024-06-13,-0.0072090750082597545,0.4116638080898126
2024-06-14,-0.0049457627721313235,0.4096278165531282
2024-06-17,-0.010260166180520003,0.40542496708312953
2024-06-18,-0.0011793847722140574,0.4049468150506763
2024-06-20,-0.0013216829269160897,0.40441160375891483
2024-06-21,-4.944242696658266e-05,0.40439160866773155
2024-06-24,-0.00033337559168450284,0.4042567943759197
2024-06-25,-0.003897326375101057,0.4026812737088846
2024-06-26,-0.002898747779026137,0.4015140022610656
2024-06-27,-0.003230846755960822,0.40021677204938755
2024-06-28,0.012089722927226857,0.40505528193429374
2024-07-01,-0.001165162490352515,0.40458332671326475
2024-07-02,0.00743019047854689,0.4075894578951885
2024-07-03,0.002006934497467806,0.4084074632390426
2024-07-05,-0.0069804121164750805,0.4055566108341899
2024-07-08,-0.010843468860697978,0.4011589703533592
2024-07-09,-0.0017614795635901288,0.4004523370253309
2024-07-10,-0.000194161806053342,0.4003745844763358
2024-07-11,-0.008341801055131196,0.39703473934510336
2024-07-12,-0.01012802099079585,0.393013563170941
2024-07-15,-0.0013994426853712874,0.3924635632147097
2024-07-16,-0.007806426948873938,0.38939982507837934
2024-07-17,-0.00471504107904284,0.3875637889069627
2024-07-18,0.007918300715030913,0.3906326355337848
2024-07-19,-0.0031955655309646902,0.38938434334840316
2024-07-22,0.00381097830173031,0.39086827863193746
2024-07-23,0.005597068275807211,0.3930559950742877
2024-07-24,-0.001342692851514633,0.39252824159945643
2024-07-25,-0.012524938461804615,0.3876118495289029
2024-07-26,0.0003788575521626223,0.3877586992054046
2024-07-29,-0.025191207895816005,0.3779905892003101
2024-07-30,0.014487802812886733,0.3834668423217711
2024-07-31,-0.03578902022847674,0.36974293974496714
2024-08-01,-0.03743625967490564,0.3559011470397116
2024-08-02,0.008173530610304867,0.35881011595928325
2024-08-05,-0.0031816628453755946,0.3576685031447907
2024-08-06,0.0006597303103425923,0.3579044678973702
2024-08-07,0.004093973918187739,0.35936971945414486
2024-08-08,-0.004062530206215238,0.3579097691136633
2024-08-09,-0.013794652084156181,0.3529725283712196
2024-08-12,-0.007010773453964595,0.3504979179393359
2024-08-13,-0.003442540903092631,0.3492913145203809
2024-08-14,0.006871444783131138,0.351691450501335
2024-08-15,0.010199944864223211,0.35527868390566725
2024-08-16,-0.0015594830244782245,0.3547246328291574
2024-08-19,-0.004853266769889675,0.3530030595561863
2024-08-20,-0.002530054998043762,0.3521099424010315
2024-08-21,0.006419544681686226,0.35437032790914086
2024-08-22,-0.0034722814143095717,0.3531398544057592
2024-08-23,-0.004075307439838674,0.35170070092979583
2024-08-26,-0.002249635440561022,0.350909502568514
2024-08-27,0.000719538992227709,0.35116199563835526
2024-08-28,0.007182122200318535,0.35368408400313767
2024-08-29,0.006992722767259597,0.3561572987497638
2024-08-30,-0.017971396092903213,0.34975665486255336
2024-09-03,-0.003673131121836666,0.34847195280850823
2024-09-04,0.0005926723560173994,0.34867848250178524
2024-09-05,0.0035367194706602922,0.3499116604798496
2024-09-06,0.014686658912565083,0.3550506936868465
2024-09-09,-0.030755794081569605,0.3441308276632954
2024-09-10,0.0005406998079480383,0.34431689913572194
2024-09-11,0.005917234203287973,0.3463543028680579
2024-09-12,-0.005270938723101025,0.344528690561158
2024-09-13,-0.0015915929157713222,0.34398034113798087
2024-09-16,0.015049220389978597,0.3491569771015864
2024-09-17,0.010632617973366232,0.35286942985184294
2024-09-18,0.008601794008192793,0.35590473999921696
2024-09-19,0.00873683754181313,0.35901422189295135
2024-09-20,-0.012125295191085534,0.3546610684747014
2024-09-23,-0.002076633628911324,0.35392456737304123
2024-09-24,-0.005851442274190321,0.3518535981976401
2024-09-25,0.011204937516689903,0.35579609578046717
2024-09-26,-0.008989941081366581,0.35259750984242055
2024-09-27,0.016924337230199128,0.3585649890055221
2024-09-30,0.006043228155210486,0.360731879042553
2024-10-01,-0.0042287579875850585,0.35920643122767526
2024-10-02,-0.0036229708992168144,0.3579050367805259
2024-10-03,-0.023620788269033667,0.34945103768631236
2024-10-04,-0.020986889710279785,0.3421171472992469
2024-10-07,-0.011537114283142505,0.3381701026726328
2024-10-08,0.016228196281834178,0.34365799347545234
2024-10-09,0.002698104648041952,0.3445852187049852
2024-10-10,-0.00879705888607307,0.34155388224476707
2024-10-11,0.009761128192583218,0.3448878334740327
2024-10-14,0.01538216702993785,0.35019295573512366
2024-10-15,-0.004349119398780502,0.3486699247580198
2024-10-16,-0.0010027070934886335,0.34832031095117877
2024-10-17,0.002847861808552196,0.3493122790618796
2024-10-18,0.013452544425868187,0.35401141801446084
2024-10-21,-0.006170800350085139,0.35182688423224306
2024-10-22,-0.022038248945131768,0.3440732357719429
2024-10-23,0.011853722674464126,0.348151784488489
2024-10-24,-0.0010946198079996115,0.34777069064899746
2024-10-25,-0.016643326914498435,0.3419826293532453
2024-10-28,0.012628950808642958,0.34630151115675784
2024-10-29,-0.007282685053188075,0.34377950631756005
2024-10-30,-0.00017463324746252995,0.3437194709859608
2024-10-31,-0.011367330865670636,0.3398122980342901
2024-11-01,-0.0027713729508894907,0.33887055142313827
2024-11-04,0.00884046762163317,0.3418663255609195
2024-11-05,0.03100580134985435,0.35246616493946603
2024-11-06,-0.02342974018167389,0.3442079742721033
2024-11-07,0.0028653408421108572,0.34519424743896543
2024-11-08,-0.00997916708862854,0.3417494963657386
2024-11-11,-0.006455697016642873,0.3395432651616111
2024-11-12,0.012760526175304156,0.34387601588435407
2024-11-13,-0.009101473376370814,0.3407462374810102
2024-11-14,0.006451834077259744,0.3429446756676882
2024-11-15,-0.00852995114934457,0.34001937433731505
2024-11-18,-0.004690825727935073,0.3384244027081772
2024-11-19,0.0018937558163627344,0.3390652958892049
2024-11-20,0.00013504088024224358,0.3391110835652214
2024-11-21,0.010774559731242824,0.34276485619062136
2024-11-22,-0.00892564644940086,0.33970545826898413
2024-11-25,-0.0018071404369031092,0.33909156279870956
2024-11-26,0.002266734974241644,0.3398601935035756
2024-11-27,-0.006365335931836117,0.33769686920206654
2024-11-29,0.004140574413572962,0.3390951282182283
2024-12-02,0.016975380150736647,0.3448513969269955
2024-12-03,0.007230304878438917,0.34734477766453326
2024-12-04,0.0014085499057710513,0.34783403011838265
2024-12-05,-0.008080595621828501,0.3450233239774851
2024-12-06,0.0010360187697269203,0.34538077461711936
2024-12-09,-0.0083411278334485,0.3424999094248225
2024-12-10,-0.004657478108170039,0.34090472359462615
2024-12-11,0.0003675702166689634,0.3410300300177413
2024-12-12,-0.007728159058709807,0.3383944957019676
2024-12-13,-0.01471078011557847,0.3334164486833739
2024-12-16,-0.000899680259781062,0.3331164804862072
2024-12-17,-0.006692203718946615,0.330887197136655
2024-12-18,-0.0037890080704207256,0.3296334628763053
2024-12-19,-0.010009852466145663,0.3263338805450088
2024-12-20,-0.009229564963593395,0.3233219607946971
2024-12-23,0.006289049305409319,0.3253553485476566
2024-12-24,0.0045299284794157275,0.32682918500697283
2024-12-26,-0.009537235044421536,0.32371213825018463
2024-12-27,0.0021423824255231705,0.32440565344610034
2024-12-30,-0.0017235659409577195,0.32384651891076655
2024-12-31,-0.002114825781708388,0.32316163994325753
2025-01-02,0.0034531269388212347,0.3242775581077392
2025-01-03,-0.006730015714046947,0.32209516504596136
2025-01-06,0.02240662437995463,0.3293122304237457
2025-01-07,0.00946670277093753,0.3324297314280018
2025-01-08,-0.0007118760399148672,0.3321930826672429
2025-01-10,0.009840232462059229,0.3354619398229766
2025-01-13,-0.009114976050153654,0.3324042122757521
2025-01-14,-0.0021052818675200697,0.3317044077149607
2025-01-15,-0.006301681956800993,0.3296141120338719
2025-01-16,0.010597318495352042,0.3331071377596575
2025-01-17,-0.01799538159622079,0.32711274770324755
2025-01-21,-0.015242290152252681,0.32212680029025403
2025-01-22,0.0026685127827696382,0.3229863997745013
2025-01-23,0.0006076437828873023,0.3231826604522814
2025-01-24,-0.02125969809210256,0.3163118946624634
2025-01-27,0.0034457152313934407,0.3174018153757727
2025-01-28,0.010134709429829747,0.3206185905471067
2025-01-29,-0.02783237687304827,0.31169501310249403
2025-01-30,-0.004398076904065925,0.31032415446425543
2025-01-31,0.021385376968151574,0.3169605534897964
2025-02-03,0.00026396133144573994,0.31704421881951134
2025-02-04,0.010482368454199567,0.3203675931374513
2025-02-05,-0.001109141427629115,0.32001226016783274
2025-02-06,0.0043413544839016605,0.3214015468284159
2025-02-07,-0.013170195728902562,0.3171686255491136
2025-02-10,0.00017010084721147346,0.31722257620102845
2025-02-11,-0.014007989391070305,0.31277892571899646
2025-02-12,-0.0004284055162055065,0.3126449295018656
2025-02-13,-0.0254713147344241,0.3046814521024018
2025-02-14,-0.005896657123859653,0.3028848500473542
2025-02-18,0.0019960169841171118,0.3034894133522805
2025-02-19,-0.04216274149065892,0.2906934676719566
2025-02-20,-0.009211098699498654,0.2880158614499307
2025-02-21,-0.006570850586082108,0.28612335225792146
2025-02-24,-0.012574683217866754,0.282525441742044
2025-02-25,-0.01859989227763703,0.2772704989599502
2025-02-26,-0.02042638352357362,0.27160686540842166
2025-02-27,-0.0016746315899383592,0.27115202397156457
2025-02-28,0.001687574111337207,0.2716096131074556
2025-03-03,0.001587351654968522,0.2720407530763271
2025-03-04,0.000833692559552643,0.2722675514280619
2025-03-05,0.012123054488630013,0.27556826578951016
2025-03-06,-0.009116996942303963,0.2730559107529112
2025-03-07,-0.0246043739610222,0.26633754101247903
2025-03-10,0.0063607507273290365,0.2680316477201892
2025-03-11,-0.019680256394930002,0.26275671617110036
2025-03-12,0.0047361299328683906,0.2640011661196205
2025-03-13,0.009568565804924233,0.2665272786502128
2025-03-14,0.0031567480226475193,0.2673686381100735
2025-03-17,0.005487209603679952,0.2688357458688339
2025-03-18,-0.02148477973568282,0.263059869083764
2025-03-19,-0.0028192528620760156,0.26231823679495225
2025-03-20,0.009545803256831539,0.26482227507407585
2025-03-21,-0.00846032474979084,0.2625817926259707
2025-03-24,-0.013286558903576644,0.259092984171239
2025-03-25,-0.010211837724967069,0.25644716866120487
2025-03-26,-0.0011153331437571317,0.25616114463437434
2025-03-27,0.0004134167383117825,0.2562670459392713
2025-03-28,-0.01710030932367599,0.2518848001842451
2025-03-31,0.00580982607749599,0.25334820706488037
2025-04-01,0.0024821630657227804,0.2539770586272239
2025-04-02,0.06494768255345279,0.2704722800068045
2025-04-03,-0.008088041924649476,0.2682846888666539
2025-04-04,-0.0034862104424173875,0.2673493919827863
2025-04-07,-0.02245150580680231,0.2613469955562397
2025-04-08,-0.04155524287098541,0.2504866576822978
2025-04-09,-0.0012233417802396587,0.25018022688856245
2025-04-10,-0.009140100031415686,0.24789355458891874
2025-04-11,0.007725468728282335,0.24980864849283818
2025-04-14,0.005325451627249918,0.2511389923664554
2025-04-15,0.02629736796908294,0.25774328686010084
2025-04-16,0.0027471425989197447,0.2584513444230198
2025-04-17,-0.007853399764192028,0.2564216226956729
2025-04-21,0.009501076919713341,0.2588579042567822
2025-04-22,-0.009280219960084879,0.25645564596687265
2025-04-23,-0.028099474929921896,0.24924937697238958
2025-04-24,-0.008008047616258894,0.24725337609327183
2025-04-25,0.004337467975349934,0.24832582969387354
2025-04-28,0.000600570283305384,0.24847496680776485
2025-04-29,0.00242903488837117,0.24907852117102774
2025-04-30,-0.02296186099506214,0.24335921479104297
2025-05-01,-0.013250198726384131,0.24013465683316484
2025-05-02,-0.010555571707051847,0.2375998982436141
2025-05-05,0.011239075494109334,0.2402703014373668
2025-05-06,0.007130322072108806,0.2419835060709779
2025-05-07,0.007924496362711163,0.24390110348467348
2025-05-08,-0.016611278468262193,0.23984959433597314
2025-05-09,0.011932618920419505,0.2427116281434015
2025-05-12,-0.006745751793611439,0.24107435574252278
2025-05-13,0.0015041245252735988,0.24143696159340963
2025-05-14,0.017576727784185675,0.24568063334437787
2025-05-15,0.002267861818455731,0.2462378030722736
2025-05-16,0.0019866302281301897,0.24672698653516534
2025-05-19,0.001186130157555958,0.24701963685457762
2025-05-20,0.009748078532294964,0.24942760367365502
2025-05-21,-0.0005283594753384502,0.24929581623584307
2025-05-22,-0.007958757574874168,0.24731173126999162
2025-05-23,0.008182646369614984,0.24933539571003124
2025-05-27,-0.0023098542819585677,0.24875946727860657
2025-05-28,0.0008233872622314132,0.24896429265532324
2025-05-29,0.013009914416966936,0.2522032967956497
2025-05-30,0.01397934096459147,0.25572893267395014
2025-06-02,-0.003587050730994541,0.2548116200190656
2025-06-03,-0.0028003341238408957,0.25409806234437504
2025-06-04,-0.0012158604254639731,0.2537891145661834
2025-06-05,-0.005825127350894392,0.25231076065356467
2025-06-06,-0.001280988768274926,0.25198755340305257
2025-06-09,0.00969670787330699,0.25443100309611133
2025-06-10,0.005931698041140928,0.25594021097878206
2025-06-11,0.0010388490291465828,0.25620609421847695
2025-06-12,-0.014752044592106623,0.2524265304917965
2025-06-13,0.018241295029280458,0.257031117307715
2025-06-16,-0.00911370351301018,0.2546886119109547
2025-06-17,-0.007497237342938426,0.25277915093891473
2025-06-18,-0.010164878257474141,0.250209681643593
2025-06-20,0.00871065009414542,0.2523891706305578
2025-06-23,-0.009349345000669362,0.2500294971998999
2025-06-24,-0.008017652474936299,0.24802484758286808
2025-06-25,0.0014436775143958545,0.2483829154783349
2025-06-26,-0.00919822756410954,0.24609823289872818
2025-06-27,0.009836306427621826,0.24851893052881632
2025-06-30,0.001407302620477632,0.24886867187098785
2025-07-01,-0.009908443646518866,0.24640277066037017
2025-07-02,-0.0054730831996023235,0.24505418779593344
2025-07-03,-0.00251919968374407,0.24443684736353777
2025-07-07,0.006477535146333295,0.246020195633394
2025-07-08,0.009309355919916384,0.24831048519803273
2025-07-09,0.0013231274622297349,0.24863903162015785
2025-07-10,-0.00021589127125346864,0.24858535262353815
2025-07-11,0.02395595486313235,0.2545404521106234
2025-07-14,-0.0008968859068978473,0.25431215836639
2025-07-15,0.020775499977916466,0.25959562060691477
2025-07-16,-0.01424224411590556,0.25589839640681106
2025-07-17,-0.0037038536775318427,0.2549505861902052
2025-07-18,0.0019234613363854907,0.2554409737854309
2025-07-21,-0.007263216738171096,0.25358565062901783
2025-07-22,-0.020003246552985986,0.2485131143371862
2025-07-23,-0.008565125319971093,0.2463845683692319
2025-07-24,0.0013918901695360961,0.2467275086278704
2025-07-25,0.01017850595087568,0.2492388260426839
2025-07-28,0.013629009816028957,0.2526357044493552
2025-07-29,0.006604558283786014,0.25430425168395626
2025-07-30,-0.004930806292756754,0.2530503266794782
2025-07-31,0.013283690841204157,0.2564117689863541
2025-08-01,0.0019415300278455665,0.2569096001353341
2025-08-04,-0.012645044423091167,0.2536609668289042
2025-08-05,0.03371743934845726,0.2622137650930288
2025-08-06,0.009421335483017212,0.2646841689422353
2025-08-07,0.002103759689359312,0.26524100082726754
2025-08-08,0.0001347560273216407,0.2652767436508219
2025-08-11,0.0124638868255203,0.26858312296112824
2025-08-12,-0.011562905095430545,0.2654775218000944
2025-08-13,0.005396101121575274,0.2669100653532329
2025-08-14,-0.003523739933263214,0.26596954369735787
2025-08-15,0.00048086650470794844,0.2660974395421944
2025-08-18,-0.01844397316951975,0.26118954550680024
2025-08-19,-0.004016678750040858,0.26014043100963025
2025-08-20,0.012167707470441288,0.26330574367538995
2025-08-21,0.01970157606522416,0.26849328181282106
2025-08-22,-0.0010545284420145897,0.2682101480106596
2025-08-25,0.015878522616444905,0.2724689289118069
2025-08-26,0.004732330208225611,0.2737583418548991
2025-08-27,-0.0029709626090863948,0.27294501605732274
2025-08-28,0.012111833595999601,0.27625088067266645
2025-08-29,-0.009245237177147165,0.2736968757604519
2025-09-02,-0.0007465521582837672,0.27349254676713736
2025-09-03,-0.013316150329454102,0.2698506789004009
2025-09-04,0.004384969070093819,0.271033965780923
2025-09-05,0.017446364425358633,0.27576252311958716
2025-09-08,0.005222192410654488,0.2772026080749652
2025-09-09,-0.011333944717770847,0.27406080903942165
2025-09-10,-0.01704507329297781,0.26938942246261194
2025-09-11,-0.008391620009399543,0.2671288087947541
2025-09-12,-0.012135690695589969,0.26388701619533955
2025-09-15,-0.010341763624537592,0.26115795905026284
2025-09-16,-0.0048713862364268366,0.2598857577630121
2025-09-17,0.0008733998185137732,0.2601127419366766
2025-09-18,0.003830118039312548,0.26110900444182333
2025-09-19,-0.01810975761950599,0.2563803836591114
2025-09-22,0.0007272917261748617,0.25656684699090027
2025-09-23,-0.0020392615403794956,0.2560436400872953
2025-09-24,0.010227098836046038,0.25866222370080905
2025-09-25,-0.008386135758173357,0.25649304717734306
2025-09-26,-0.003791110998319154,0.25552065356519665
2025-09-29,-0.014222471526603643,0.2518865183454065
2025-09-30,0.024593718543856412,0.25808134448258535
2025-10-01,-0.00940326674821131,0.2556545367576786
2025-10-02,0.015523376215206183,0.2596231583128923
2025-10-03,-0.012480305297664399,0.25638298203480353
2025-10-06,0.0049776250262281545,0.25765916038247894
2025-10-07,-0.0010891660125430334,0.25737852678216994
2025-10-08,-0.011855986797406364,0.2543270503667046
2025-10-09,0.01007034165032613,0.256888210654817
2025-10-10,0.020450459019977517,0.2621416924795287
2025-10-13,0.017869058917401058,0.2668259178271526
2025-10-14,0.003429468148511028,0.26774098881353803
2025-10-15,0.0063568617488829115,0.2694429812639349
2025-10-16,-0.004137538146186059,0.26832815065073323
2025-10-17,0.0022806560343641338,0.2689401148667046
2025-10-20,0.0026543260667598978,0.26965396962399274
2025-10-21,0.012310391735041986,0.27297351562297323
2025-10-22,-0.008364159925789686,0.27069032148279765
2025-10-23,0.0026236265057874956,0.27140051178510005
